"0","# Fitting the proportional odds model"
"0","library(MASS)"
"0",""
"0","# Define response variable as ordered factor"
"0","cancer_1$response <- factor(cancer_1$response , levels = c (1 , 2, 3 , 4) , labels = c(""progressive disease"", ""stable disease"",                          ""partial remission"", ""complete remission"") , ordered = TRUE)"
"0",""
"0","# Fit the model"
"0","model <- polr(response ~ therapy + sex, data = cancer_1 , Hess = TRUE)"
"0","summary(model)"
"1","Call:
"
"1","polr(formula = response ~ therapy + sex, data = cancer_1, Hess = TRUE)
"
"1","
Coefficients:
"
"1","       "
"1","   Value"
"1"," Std. Error"
"1"," t value"
"1","
therapy"
"1"," -0.5807"
"1","     0.2121"
"1","  -2.737"
"1","
sex    "
"1"," -0.5414"
"1","     0.2872"
"1","  -1.885"
"1","
"
"1","
Intercepts:
"
"1","                                    "
"1"," Value  "
"1"," Std. Error"
"1"," t value"
"1","
progressive disease|stable disease  "
"1"," -1.3180"
"1","  0.1798   "
"1"," -7.3315"
"1","
stable disease|partial remission    "
"1","  0.2492"
"1","  0.1614   "
"1","  1.5443"
"1","
partial remission|complete remission"
"1","  1.3001"
"1","  0.1850   "
"1","  7.0276"
"1","
"
"1","
Residual Deviance:"
"1"," "
"1","789.0566"
"1"," "
"1","
"
"1","AIC:"
"1"," "
"1","799.0566"
"1"," "
"1","
"
